Refs:,,
"""text.soundcontrols.annotations.""",net.minecraft.sound.SoundEvents,
": """",",,
,,
,,
id,Annotation,Lang Record
ambient,Plays under specific conditions and environments,"""text.soundcontrols.annotations.ambient"": ""Plays under specific conditions and environments"","
ambient.generic.additions,Random sounds that commonly play while in the biome,"""text.soundcontrols.annotations.ambient.generic.additions"": ""Random sounds that commonly play while in the biome"","
ambient.generic.loop,Plays in a constant background loop while in the biome,"""text.soundcontrols.annotations.ambient.generic.loop"": ""Plays in a constant background loop while in the biome"","
ambient.generic.mood,Sounds that play based on the mood algorithm while in the biome,"""text.soundcontrols.annotations.ambient.generic.mood"": ""Sounds that play based on the mood algorithm while in the biome"","
ambient.cave,Random ambient sounds that occasionally play when in a cave based on the mood algorithm,"""text.soundcontrols.annotations.ambient.cave"": ""Random ambient sounds that occasionally play when in a cave based on the mood algorithm"","
ambient.underwater.enter,A sound that plays when going underwater,"""text.soundcontrols.annotations.ambient.underwater.enter"": ""A sound that plays when going underwater"","
ambient.underwater.exit,A sound that plays when surfacing after being underwater,"""text.soundcontrols.annotations.ambient.underwater.exit"": ""A sound that plays when surfacing after being underwater"","
ambient.underwater.loop,Plays in a constant background loop while underwater,"""text.soundcontrols.annotations.ambient.underwater.loop"": ""Plays in a constant background loop while underwater"","
ambient.underwater.loop.additions,Random sounds that commonly play while underwater,"""text.soundcontrols.annotations.ambient.underwater.loop.additions"": ""Random sounds that commonly play while underwater"","
ambient.underwater.loop.additions.rare,Random sounds that uncommonly play while underwater,"""text.soundcontrols.annotations.ambient.underwater.loop.additions.rare"": ""Random sounds that uncommonly play while underwater"","
ambient.underwater.loop.additions.ultra_rare,Random sounds that rarely play while underwater,"""text.soundcontrols.annotations.ambient.underwater.loop.additions.ultra_rare"": ""Random sounds that rarely play while underwater"","
block.generic.break,When the block is mined,"""text.soundcontrols.annotations.block.generic.break"": ""When the block is mined"","
block.generic.fall,When an entity falls on the block with fall damage,"""text.soundcontrols.annotations.block.generic.fall"": ""When an entity falls on the block with fall damage"","
block.generic.hit,When the block is in the process of being broken,"""text.soundcontrols.annotations.block.generic.hit"": ""When the block is in the process of being broken"","
block.generic.place,When the block is placed,"""text.soundcontrols.annotations.block.generic.place"": ""When the block is placed"","
block.generic.step,When an entity walks on the block,"""text.soundcontrols.annotations.block.generic.step"": ""When an entity walks on the block"","
block.generic.use,When the block is used,"""text.soundcontrols.annotations.block.generic.use"": ""When the block is used"","
block.generic.close,When the block is closed,"""text.soundcontrols.annotations.block.generic.close"": ""When the block is closed"","
block.generic.open,When the block is opened,"""text.soundcontrols.annotations.block.generic.open"": ""When the block is opened"","
block.generic.click,When a redstone component changes mode,"""text.soundcontrols.annotations.block.generic.click"": ""When a redstone component changes mode"","
block.generic.click_on,When a redstone component is turned on,"""text.soundcontrols.annotations.block.generic.click_on"": ""When a redstone component is turned on"","
block.generic.click_off,When a redstone component is turned off,"""text.soundcontrols.annotations.block.generic.click_off"": ""When a redstone component is turned off"","
block.anvil.destroy,When an anvil is destroyed after many uses,"""text.soundcontrols.annotations.block.anvil.destroy"": ""When an anvil is destroyed after many uses"","
block.anvil.land,When an anvil hits the ground after falling,"""text.soundcontrols.annotations.block.anvil.land"": ""When an anvil hits the ground after falling"","
block.beacon.activate,When a beacon beam is activated,"""text.soundcontrols.annotations.block.beacon.activate"": ""When a beacon beam is activated"","
block.beacon.ambient,Ambient sounds while a beacon beam is active,"""text.soundcontrols.annotations.block.beacon.ambient"": ""Ambient sounds while a beacon beam is active"","
block.beacon.deactivate,When a beacon beam is deactivated,"""text.soundcontrols.annotations.block.beacon.deactivate"": ""When a beacon beam is deactivated"","
block.beacon.power_select,When a new power is selected for a beacon,"""text.soundcontrols.annotations.block.beacon.power_select"": ""When a new power is selected for a beacon"","
block.beehive.drip,When a dripping honey particle hits a block below,"""text.soundcontrols.annotations.block.beehive.drip"": ""When a dripping honey particle hits a block below"","
block.beehive.enter,When a bee enters a beehive,"""text.soundcontrols.annotations.block.beehive.enter"": ""When a bee enters a beehive"","
block.beehive.exit,When a bee exits a beehive,"""text.soundcontrols.annotations.block.beehive.exit"": ""When a bee exits a beehive"","
block.beehive.shear,When honeycombs are harvested,"""text.soundcontrols.annotations.block.beehive.shear"": ""When honeycombs are harvested"","
block.beehive.work,Plays randomly while a bee is inside a beehive,"""text.soundcontrols.annotations.block.beehive.work"": ""Plays randomly while a bee is inside a beehive"","
block.bell.resonate,When a bell is rung while raiders are nearby,"""text.soundcontrols.annotations.block.bell.resonate"": ""When a bell is rung while raiders are nearby"","
block.blastfurnace.fire_crackle,When the blast furnace is lit,"""text.soundcontrols.annotations.block.blastfurnace.fire_crackle"": ""When the blast furnace is lit"","
block.furnace.fire_crackle,When the furnace is lit,"""text.soundcontrols.annotations.block.furnace.fire_crackle"": ""When the furnace is lit"","
block.brewing_stand.brew,When a potion finishes brewing,"""text.soundcontrols.annotations.block.brewing_stand.brew"": ""When a potion finishes brewing"","
block.bubble_column.bubble_pop,Unused,"""text.soundcontrols.annotations.block.bubble_column.bubble_pop"": ""Unused"","
block.bubble_column.upwards_ambient,Ambient sounds from an upward moving bubble column,"""text.soundcontrols.annotations.block.bubble_column.upwards_ambient"": ""Ambient sounds from an upward moving bubble column"","
block.bubble_column.upwards_inside,When a player enters an upward moving bubble column,"""text.soundcontrols.annotations.block.bubble_column.upwards_inside"": ""When a player enters an upward moving bubble column"","
block.bubble_column.whirlpool_ambient,Ambient sounds from a downward moving bubble column,"""text.soundcontrols.annotations.block.bubble_column.whirlpool_ambient"": ""Ambient sounds from a downward moving bubble column"","
block.bubble_column.whirlpool_inside,When a player enters a downward moving bubble column,"""text.soundcontrols.annotations.block.bubble_column.whirlpool_inside"": ""When a player enters a downward moving bubble column"","
block.campfire.crackle,Randomly plays while a campfire is lit,"""text.soundcontrols.annotations.block.campfire.crackle"": ""Randomly plays while a campfire is lit"","
block.chest.locked,When a player attempts to open a chest while locked,"""text.soundcontrols.annotations.block.chest.locked"": ""When a player attempts to open a chest while locked"","
block.chorus_flower.death,When a chorus flower dies,"""text.soundcontrols.annotations.block.chorus_flower.death"": ""When a chorus flower dies"","
block.chorus_flower.grow,When a chorus flower grows,"""text.soundcontrols.annotations.block.chorus_flower.grow"": ""When a chorus flower grows"","
block.composter.empty,When a composter is emptied,"""text.soundcontrols.annotations.block.composter.empty"": ""When a composter is emptied"","
block.composter.fill,When items are put into a composter,"""text.soundcontrols.annotations.block.composter.fill"": ""When items are put into a composter"","
block.composter.fill_success,When a composter is completely filled,"""text.soundcontrols.annotations.block.composter.fill_success"": ""When a composter is completely filled"","
block.composter.ready,When composting has completed,"""text.soundcontrols.annotations.block.composter.ready"": ""When composting has completed"","
block.conduit.activate,When a conduit is activated,"""text.soundcontrols.annotations.block.conduit.activate"": ""When a conduit is activated"","
block.conduit.ambient,Ambient sounds while a conduit is active,"""text.soundcontrols.annotations.block.conduit.ambient"": ""Ambient sounds while a conduit is active"","
block.conduit.ambient.short,Ambient sounds played periodically while a conduit is active,"""text.soundcontrols.annotations.block.conduit.ambient.short"": ""Ambient sounds played periodically while a conduit is active"","
block.conduit.attack.target,When a conduit attacks something,"""text.soundcontrols.annotations.block.conduit.attack.target"": ""When a conduit attacks something"","
block.conduit.deactivate,When a conduit is deactivated,"""text.soundcontrols.annotations.block.conduit.deactivate"": ""When a conduit is deactivated"","
block.dispenser.dispense,When a dispenser drops an item,"""text.soundcontrols.annotations.block.dispenser.dispense"": ""When a dispenser drops an item"","
block.dispenser.fail,When a dispenser fails to drop an item,"""text.soundcontrols.annotations.block.dispenser.fail"": ""When a dispenser fails to drop an item"","
block.dispenser.launch,When an dispenser shoots an item,"""text.soundcontrols.annotations.block.dispenser.launch"": ""When an dispenser shoots an item"","
block.end_gateway.spawn,When an end gateway spawns on the island,"""text.soundcontrols.annotations.block.end_gateway.spawn"": ""When an end gateway spawns on the island"","
block.end_portal.spawn,When an end portal opens,"""text.soundcontrols.annotations.block.end_portal.spawn"": ""When an end portal opens"","
block.end_portal_frame.fill,When eyes of ender are placed in an end portal frame,"""text.soundcontrols.annotations.block.end_portal_frame.fill"": ""When eyes of ender are placed in an end portal frame"","
block.fire.ambient,Ambient crackling sounds from fire,"""text.soundcontrols.annotations.block.fire.ambient"": ""Ambient crackling sounds from fire"","
block.fire.extinguish,When fire is extinguished,"""text.soundcontrols.annotations.block.fire.extinguish"": ""When fire is extinguished"","
block.honey_block.slide,When an entity slides on a honey block,"""text.soundcontrols.annotations.block.honey_block.slide"": ""When an entity slides on a honey block"","
block.lava.ambient,Ambient popping sounds from lava,"""text.soundcontrols.annotations.block.lava.ambient"": ""Ambient popping sounds from lava"","
block.lava.extinguish,When lava is extinguished by water,"""text.soundcontrols.annotations.block.lava.extinguish"": ""When lava is extinguished by water"","
block.lava.pop,When lava bubble particles spawn,"""text.soundcontrols.annotations.block.lava.pop"": ""When lava bubble particles spawn"","
block.note_block.banjo,When a noteblock plays a note as a banjo,"""text.soundcontrols.annotations.block.note_block.banjo"": ""When a noteblock plays a note as a banjo"","
block.note_block.basedrum,When a noteblock plays a note as a base drum,"""text.soundcontrols.annotations.block.note_block.basedrum"": ""When a noteblock plays a note as a base drum"","
block.note_block.bass,When a noteblock plays a note as a string bass,"""text.soundcontrols.annotations.block.note_block.bass"": ""When a noteblock plays a note as a string bass"","
block.note_block.bell,When a noteblock plays a note as a glockenspiel,"""text.soundcontrols.annotations.block.note_block.bell"": ""When a noteblock plays a note as a glockenspiel"","
block.note_block.bit,When a noteblock plays a note as an square wave bit,"""text.soundcontrols.annotations.block.note_block.bit"": ""When a noteblock plays a note as an square wave bit"","
block.note_block.chime,When a noteblock plays a note as a chime,"""text.soundcontrols.annotations.block.note_block.chime"": ""When a noteblock plays a note as a chime"","
block.note_block.cow_bell,When a noteblock plays a note as a cow bell,"""text.soundcontrols.annotations.block.note_block.cow_bell"": ""When a noteblock plays a note as a cow bell"","
block.note_block.didgeridoo,When a noteblock plays a note as a didgeridoo,"""text.soundcontrols.annotations.block.note_block.didgeridoo"": ""When a noteblock plays a note as a didgeridoo"","
block.note_block.flute,When a noteblock plays a note as a flute,"""text.soundcontrols.annotations.block.note_block.flute"": ""When a noteblock plays a note as a flute"","
block.note_block.guitar,When a noteblock plays a note as a guitar,"""text.soundcontrols.annotations.block.note_block.guitar"": ""When a noteblock plays a note as a guitar"","
block.note_block.harp,When a noteblock plays a note as a harp,"""text.soundcontrols.annotations.block.note_block.harp"": ""When a noteblock plays a note as a harp"","
block.note_block.hat,When a noteblock plays a note as a high hat,"""text.soundcontrols.annotations.block.note_block.hat"": ""When a noteblock plays a note as a high hat"","
block.note_block.iron_xylophone,When a noteblock plays a note as an vibraphone,"""text.soundcontrols.annotations.block.note_block.iron_xylophone"": ""When a noteblock plays a note as an vibraphone"","
block.note_block.pling,When a noteblock plays a note as an electric piano,"""text.soundcontrols.annotations.block.note_block.pling"": ""When a noteblock plays a note as an electric piano"","
block.note_block.snare,When a noteblock plays a note as a snare,"""text.soundcontrols.annotations.block.note_block.snare"": ""When a noteblock plays a note as a snare"","
block.note_block.xylophone,When a noteblock plays a note as a xylophone,"""text.soundcontrols.annotations.block.note_block.xylophone"": ""When a noteblock plays a note as a xylophone"","
block.piston.contract,When a piston contracts its head,"""text.soundcontrols.annotations.block.piston.contract"": ""When a piston contracts its head"","
block.piston.extend,When a piston extends its head,"""text.soundcontrols.annotations.block.piston.extend"": ""When a piston extends its head"","
block.portal.ambient,Ambient sounds played near portals,"""text.soundcontrols.annotations.block.portal.ambient"": ""Ambient sounds played near portals"","
block.portal.travel,After a player travels through a nether portal,"""text.soundcontrols.annotations.block.portal.travel"": ""After a player travels through a nether portal"","
block.portal.trigger,While a player stands in a nether portal,"""text.soundcontrols.annotations.block.portal.trigger"": ""While a player stands in a nether portal"","
block.pumpkin.carve,When a pumpkin is carved with shears,"""text.soundcontrols.annotations.block.pumpkin.carve"": ""When a pumpkin is carved with shears"","
block.redstone_torch.burnout,When a redstone torch burns out,"""text.soundcontrols.annotations.block.redstone_torch.burnout"": ""When a redstone torch burns out"","
block.respawn_anchor.ambient,Unused,"""text.soundcontrols.annotations.block.respawn_anchor.ambient"": ""Unused"","
block.respawn_anchor.charge,When a respawn anchor is charged with glowstone,"""text.soundcontrols.annotations.block.respawn_anchor.charge"": ""When a respawn anchor is charged with glowstone"","
block.respawn_anchor.deplete,When a player respawns at a respawn anchor,"""text.soundcontrols.annotations.block.respawn_anchor.deplete"": ""When a player respawns at a respawn anchor"","
block.respawn_anchor.set_spawn,When a player sets their spawn at a respawn anchor,"""text.soundcontrols.annotations.block.respawn_anchor.set_spawn"": ""When a player sets their spawn at a respawn anchor"","
block.smoker.smoke,Randomly plays while a smoker is lit,"""text.soundcontrols.annotations.block.smoker.smoke"": ""Randomly plays while a smoker is lit"","
block.tripwire.attach,When a tripwire is attached,"""text.soundcontrols.annotations.block.tripwire.attach"": ""When a tripwire is attached"","
block.tripwire.detach,When a tripwire is unattached,"""text.soundcontrols.annotations.block.tripwire.detach"": ""When a tripwire is unattached"","
block.water.ambient,Ambient sounds from flowing water,"""text.soundcontrols.annotations.block.water.ambient"": ""Ambient sounds from flowing water"","
enchant.thorns.hit,Deal damage to an attacking entity,"""text.soundcontrols.annotations.enchant.thorns.hit"": ""Deal damage to an attacking entity"","
entity.generic.saddle,When an entity is equipped with a saddle,"""text.soundcontrols.annotations.entity.generic.saddle"": ""When an entity is equipped with a saddle"","
entity.generic.attack,When an entity attacks something,"""text.soundcontrols.annotations.entity.generic.attack"": ""When an entity attacks something"","
entity.generic.ambient,Ambient sounds that entities randomly make,"""text.soundcontrols.annotations.entity.generic.ambient"": ""Ambient sounds that entities randomly make"","
entity.generic.ambient_baby,Ambient sounds that baby entities randomly make,"""text.soundcontrols.annotations.entity.generic.ambient_baby"": ""Ambient sounds that baby entities randomly make"","
entity.generic.ambient_water,Ambient sounds that entities randomly make in water,"""text.soundcontrols.annotations.entity.generic.ambient_water"": ""Ambient sounds that entities randomly make in water"","
entity.generic.ambient_land,Ambient sounds that entities randomly make on land,"""text.soundcontrols.annotations.entity.generic.ambient_land"": ""Ambient sounds that entities randomly make on land"","
entity.generic.angry,Random sounds an entity makes when angry,"""text.soundcontrols.annotations.entity.generic.angry"": ""Random sounds an entity makes when angry"","
entity.generic.big_fall,When an entity falls from a big elevation,"""text.soundcontrols.annotations.entity.generic.big_fall"": ""When an entity falls from a big elevation"","
entity.generic.burn,When an entity is on fire,"""text.soundcontrols.annotations.entity.generic.burn"": ""When an entity is on fire"","
entity.generic.death,When an entity dies,"""text.soundcontrols.annotations.entity.generic.death"": ""When an entity dies"","
entity.generic.death_water,When an entity dies in water,"""text.soundcontrols.annotations.entity.generic.death_water"": ""When an entity dies in water"","
entity.generic.death_land,When an entity dies on land,"""text.soundcontrols.annotations.entity.generic.death_land"": ""When an entity dies on land"","
entity.generic.death_small,When a small entity dies,"""text.soundcontrols.annotations.entity.generic.death_small"": ""When a small entity dies"","
entity.generic.drink,When an entity drinks,"""text.soundcontrols.annotations.entity.generic.drink"": ""When an entity drinks"","
entity.generic.eat,When an entity eats,"""text.soundcontrols.annotations.entity.generic.eat"": ""When an entity eats"","
entity.generic.explode,When an entity explodes,"""text.soundcontrols.annotations.entity.generic.explode"": ""When an entity explodes"","
entity.generic.extinguish_fire,When an entity on fire is extinguished,"""text.soundcontrols.annotations.entity.generic.extinguish_fire"": ""When an entity on fire is extinguished"","
entity.generic.flap,When an entity takes off or flaps their wings,"""text.soundcontrols.annotations.entity.generic.flap"": ""When an entity takes off or flaps their wings"","
entity.generic.flop,When an aquatic entity is on land,"""text.soundcontrols.annotations.entity.generic.flop"": ""When an aquatic entity is on land"","
entity.generic.fly,Random sounds an entity makes while flying,"""text.soundcontrols.annotations.entity.generic.fly"": ""Random sounds an entity makes while flying"","
entity.generic.hurt,When an entity is hurt,"""text.soundcontrols.annotations.entity.generic.hurt"": ""When an entity is hurt"","
entity.generic.hurt_water,When an entity is hurt in water,"""text.soundcontrols.annotations.entity.generic.hurt_water"": ""When an entity is hurt in water"","
entity.generic.hurt_land,When an entity is hurt on land,"""text.soundcontrols.annotations.entity.generic.hurt_land"": ""When an entity is hurt on land"","
entity.generic.hurt_small,When a small entity is hurt,"""text.soundcontrols.annotations.entity.generic.hurt_small"": ""When a small entity is hurt"","
entity.generic.jump,When an entity jumps,"""text.soundcontrols.annotations.entity.generic.jump"": ""When an entity jumps"","
entity.generic.jump_small,When a small entity jumps,"""text.soundcontrols.annotations.entity.generic.jump_small"": ""When a small entity jumps"","
entity.generic.small_fall,When an entity falls from a small elevation,"""text.soundcontrols.annotations.entity.generic.small_fall"": ""When an entity falls from a small elevation"","
entity.generic.splash,When an entity lands in water,"""text.soundcontrols.annotations.entity.generic.splash"": ""When an entity lands in water"","
entity.generic.step,When an entity takes a step,"""text.soundcontrols.annotations.entity.generic.step"": ""When an entity takes a step"","
entity.generic.swim,When an entity swims,"""text.soundcontrols.annotations.entity.generic.swim"": ""When an entity swims"","
entity.generic.chest,When a container is opened on a pack animal,"""text.soundcontrols.annotations.entity.generic.chest"": ""When a container is opened on a pack animal"","
entity.generic.celebrate,When an entity has won a raid,"""text.soundcontrols.annotations.entity.generic.celebrate"": ""When an entity has won a raid"","
entity.armor_stand.break,When the block is mined,"""text.soundcontrols.annotations.entity.armor_stand.break"": ""When the block is mined"","
entity.armor_stand.fall,When an entity falls on the block with fall damage,"""text.soundcontrols.annotations.entity.armor_stand.fall"": ""When an entity falls on the block with fall damage"","
entity.armor_stand.hit,When the block is in the process of being broken,"""text.soundcontrols.annotations.entity.armor_stand.hit"": ""When the block is in the process of being broken"","
entity.armor_stand.place,When the block is placed,"""text.soundcontrols.annotations.entity.armor_stand.place"": ""When the block is placed"","
entity.arrow.hit,When an arrow hits something,"""text.soundcontrols.annotations.entity.arrow.hit"": ""When an arrow hits something"","
entity.arrow.hit_player,When an arrow hits a player,"""text.soundcontrols.annotations.entity.arrow.hit_player"": ""When an arrow hits a player"","
entity.arrow.shoot,When an arrow is launched,"""text.soundcontrols.annotations.entity.arrow.shoot"": ""When an arrow is launched"","
entity.bat.loop,Unused,"""text.soundcontrols.annotations.entity.bat.loop"": ""Unused"","
entity.bat.takeoff,When a bat starts flying,"""text.soundcontrols.annotations.entity.bat.takeoff"": ""When a bat starts flying"","
entity.bee.loop,Buzzing from a passive bee while moving horizontally,"""text.soundcontrols.annotations.entity.bee.loop"": ""Buzzing from a passive bee while moving horizontally"","
entity.bee.loop_aggressive,Buzzing from a hostile bee while moving horizontally,"""text.soundcontrols.annotations.entity.bee.loop_aggressive"": ""Buzzing from a hostile bee while moving horizontally"","
entity.bee.pollinate,When a bee collects pollen,"""text.soundcontrols.annotations.entity.bee.pollinate"": ""When a bee collects pollen"","
entity.bee.sting,When a bee stings something,"""text.soundcontrols.annotations.entity.bee.sting"": ""When a bee stings something"","
entity.blaze.shoot,When a blaze shoots fireballs,"""text.soundcontrols.annotations.entity.blaze.shoot"": ""When a blaze shoots fireballs"","
entity.boat.paddle_land,When a boat is rowed on land,"""text.soundcontrols.annotations.entity.boat.paddle_land"": ""When a boat is rowed on land"","
entity.boat.paddle_water,When a boat is rowed in water,"""text.soundcontrols.annotations.entity.boat.paddle_water"": ""When a boat is rowed in water"","
entity.cat.beg_for_food,Random sounds while a stray cat approaches for food,"""text.soundcontrols.annotations.entity.cat.beg_for_food"": ""Random sounds while a stray cat approaches for food"","
entity.cat.hiss,Random sounds while a phantom is hunting a player,"""text.soundcontrols.annotations.entity.cat.hiss"": ""Random sounds while a phantom is hunting a player"","
entity.cat.purr,Random sounds while a cat is in love mode or sitting on a bed within 2.5 blocks of its owner,"""text.soundcontrols.annotations.entity.cat.purr"": ""Random sounds while a cat is in love mode or sitting on a bed within 2.5 blocks of its owner"","
entity.cat.purreow,Random sounds while a cat is tamed,"""text.soundcontrols.annotations.entity.cat.purreow"": ""Random sounds while a cat is tamed"","
entity.chicken.egg,When a chicken lays an egg,"""text.soundcontrols.annotations.entity.chicken.egg"": ""When a chicken lays an egg"","
entity.cow.milk,When a cow is milked for milk,"""text.soundcontrols.annotations.entity.cow.milk"": ""When a cow is milked for milk"","
entity.creeper.primed,When a creeper is preparing to explode,"""text.soundcontrols.annotations.entity.creeper.primed"": ""When a creeper is preparing to explode"","
entity.drowned.shoot,When a drowned throws a trident,"""text.soundcontrols.annotations.entity.drowned.shoot"": ""When a drowned throws a trident"","
entity.egg.throw,When an egg is launched,"""text.soundcontrols.annotations.entity.egg.throw"": ""When an egg is launched"","
entity.elder_guardian.curse,When Mining Fatigue is inflicted on a player,"""text.soundcontrols.annotations.entity.elder_guardian.curse"": ""When Mining Fatigue is inflicted on a player"","
entity.ender_dragon.growl,"When an enderdragon is summoned, taking off, or dying","""text.soundcontrols.annotations.entity.ender_dragon.growl"": ""When an enderdragon is summoned, taking off, or dying"","
entity.ender_dragon.shoot,When an enderdragon shoots dragon breath,"""text.soundcontrols.annotations.entity.ender_dragon.shoot"": ""When an enderdragon shoots dragon breath"","
entity.ender_eye.launch,When an eye of ender is launched,"""text.soundcontrols.annotations.entity.ender_eye.launch"": ""When an eye of ender is launched"","
entity.ender_pearl.throw,When an enderpearl is launched,"""text.soundcontrols.annotations.entity.ender_pearl.throw"": ""When an enderpearl is launched"","
entity.enderman.scream,Random screams while an enderman is hostile,"""text.soundcontrols.annotations.entity.enderman.scream"": ""Random screams while an enderman is hostile"","
entity.enderman.stare,Angered sounds while an enderman is being stared at,"""text.soundcontrols.annotations.entity.enderman.stare"": ""Angered sounds while an enderman is being stared at"","
entity.enderman.teleport,When an enderman teleports,"""text.soundcontrols.annotations.entity.enderman.teleport"": ""When an enderman teleports"","
entity.evoker.cast_spell,When an evoker attacks,"""text.soundcontrols.annotations.entity.evoker.cast_spell"": ""When an evoker attacks"","
entity.evoker.prepare_attack,When an evoker signals to use a fang attack,"""text.soundcontrols.annotations.entity.evoker.prepare_attack"": ""When an evoker signals to use a fang attack"","
entity.evoker.prepare_summon,When an evoker signals to summon vexes,"""text.soundcontrols.annotations.entity.evoker.prepare_summon"": ""When an evoker signals to summon vexes"","
entity.evoker.prepare_wololo,When an evoker converts the color of a sheep,"""text.soundcontrols.annotations.entity.evoker.prepare_wololo"": ""When an evoker converts the color of a sheep"","
entity.experience_bottle.throw,When an experience bottle is smashed,"""text.soundcontrols.annotations.entity.experience_bottle.throw"": ""When an experience bottle is smashed"","
entity.experience_orb.pickup,When experience orbs are picked up,"""text.soundcontrols.annotations.entity.experience_orb.pickup"": ""When experience orbs are picked up"","
entity.firework_rocket.blast,When a normal size rocket explodes within 16 blocks,"""text.soundcontrols.annotations.entity.firework_rocket.blast"": ""When a normal size rocket explodes within 16 blocks"","
entity.firework_rocket.blast_far,When a normal size rocket explodes further than 16 blocks away,"""text.soundcontrols.annotations.entity.firework_rocket.blast_far"": ""When a normal size rocket explodes further than 16 blocks away"","
entity.firework_rocket.large_blast,When a large size rocket explodes within 16 blocks,"""text.soundcontrols.annotations.entity.firework_rocket.large_blast"": ""When a large size rocket explodes within 16 blocks"","
entity.firework_rocket.large_blast_far,When a large size rocket explodes further than 16 blocks away,"""text.soundcontrols.annotations.entity.firework_rocket.large_blast_far"": ""When a large size rocket explodes further than 16 blocks away"","
entity.firework_rocket.launch,"When a dispenser, player, or crossbow launches a firework","""text.soundcontrols.annotations.entity.firework_rocket.launch"": ""When a dispenser, player, or crossbow launches a firework"","
entity.firework_rocket.shoot,When a dispenser launches a rocket,"""text.soundcontrols.annotations.entity.firework_rocket.shoot"": ""When a dispenser launches a rocket"","
entity.firework_rocket.twinkle,When a twinkle rocket explodes within 16 blocks,"""text.soundcontrols.annotations.entity.firework_rocket.twinkle"": ""When a twinkle rocket explodes within 16 blocks"","
entity.firework_rocket.twinkle_far,When a twinkle rocket explodes further than 16 blocks away,"""text.soundcontrols.annotations.entity.firework_rocket.twinkle_far"": ""When a twinkle rocket explodes further than 16 blocks away"","
entity.fishing_bobber.retrieve,When a fishing bobber is received,"""text.soundcontrols.annotations.entity.fishing_bobber.retrieve"": ""When a fishing bobber is received"","
entity.fishing_bobber.throw,When a fishing bobber is thrown from a fishing rod,"""text.soundcontrols.annotations.entity.fishing_bobber.throw"": ""When a fishing bobber is thrown from a fishing rod"","
entity.fox.aggro,When a trusted player is attacked,"""text.soundcontrols.annotations.entity.fox.aggro"": ""When a trusted player is attacked"","
entity.fox.bite,When a fox attacks something,"""text.soundcontrols.annotations.entity.fox.bite"": ""When a fox attacks something"","
entity.fox.screech,Random screeches from a fox at night,"""text.soundcontrols.annotations.entity.fox.screech"": ""Random screeches from a fox at night"","
entity.fox.sleep,Random sounds while a fox sleeps,"""text.soundcontrols.annotations.entity.fox.sleep"": ""Random sounds while a fox sleeps"","
entity.fox.sniff,When a fox is moving towards a berry bush,"""text.soundcontrols.annotations.entity.fox.sniff"": ""When a fox is moving towards a berry bush"","
entity.fox.spit,When a fox drops an item,"""text.soundcontrols.annotations.entity.fox.spit"": ""When a fox drops an item"","
entity.fox.teleport,When a fox eats a chorus fruit and teleports,"""text.soundcontrols.annotations.entity.fox.teleport"": ""When a fox eats a chorus fruit and teleports"","
entity.ghast.scream,Unused,"""text.soundcontrols.annotations.entity.ghast.scream"": ""Unused"","
entity.ghast.shoot,When a ghast shoots a fireball,"""text.soundcontrols.annotations.entity.ghast.shoot"": ""When a ghast signals to shoot a fireball"","
entity.ghast.warn,When a ghast signals to shoot a fireball,"""text.soundcontrols.annotations.entity.ghast.warn"": ""When a ghast signals to shoot a fireball"","
entity.hoglin.converted_to_zombified,When a hoglin is converted into a zoglin,"""text.soundcontrols.annotations.entity.hoglin.converted_to_zombified"": ""When a hoglin is converted into a zoglin"","
entity.hoglin.retreat,When a scared hoglin runs away,"""text.soundcontrols.annotations.entity.hoglin.retreat"": ""When a scared hoglin runs away"","
entity.horse.armor,When a horse is equipped with armor,"""text.soundcontrols.annotations.entity.horse.armor"": ""When a horse is equipped with armor"","
entity.horse.breathe,Random breathing while a horse is running,"""text.soundcontrols.annotations.entity.horse.breathe"": ""Random breathing while a horse is running"","
entity.horse.gallop,While a horse is galloping,"""text.soundcontrols.annotations.entity.horse.gallop"": ""While a horse is galloping"","
entity.horse.land,When a horse lands after falling more than 1 block,"""text.soundcontrols.annotations.entity.horse.land"": ""When a horse lands after falling more than 1 block"","
entity.horse.step_wood,When a horse is being ridden or walks on wood,"""text.soundcontrols.annotations.entity.horse.step_wood"": ""When a horse is being ridden or walks on wood"","
entity.husk.converted_to_zombie,When a drowned husk is converted to a zombie,"""text.soundcontrols.annotations.entity.husk.converted_to_zombie"": ""When a drowned husk is converted to a zombie"","
entity.illusioner.cast_spell,When an illusioner’s spell is completed,"""text.soundcontrols.annotations.entity.illusioner.cast_spell"": ""When an illusioner’s spell is completed"","
entity.illusioner.mirror_move,When an illusioner’s clone moves,"""text.soundcontrols.annotations.entity.illusioner.mirror_move"": ""When an illusioner’s clone moves"","
entity.illusioner.prepare_blindness,When an illusioner is about to blind a target,"""text.soundcontrols.annotations.entity.illusioner.prepare_blindness"": ""When an illusioner is about to blind a target"","
entity.illusioner.prepare_mirror,When an illusioner is about to summon a clone,"""text.soundcontrols.annotations.entity.illusioner.prepare_mirror"": ""When an illusioner is about to summon a clone"","
entity.iron_golem.damage,When an iron golem takes damage,"""text.soundcontrols.annotations.entity.iron_golem.damage"": ""When an iron golem takes damage"","
entity.iron_golem.repair,When an iron golem is repaired with iron,"""text.soundcontrols.annotations.entity.iron_golem.repair"": ""When an iron golem is repaired with iron"","
entity.item.break,When a tool or armor runs out of durability,"""text.soundcontrols.annotations.entity.item.break"": ""When a tool or armor runs out of durability"","
entity.item.pickup,When an item is picked up,"""text.soundcontrols.annotations.entity.item.pickup"": ""When an item is picked up"","
entity.item_frame.add_item,When an item is added to an item frame,"""text.soundcontrols.annotations.entity.item_frame.add_item"": ""When an item is added to an item frame"","
entity.item_frame.break,When an item frame is broken,"""text.soundcontrols.annotations.entity.item_frame.break"": ""When an item frame is broken"","
entity.item_frame.place,When an item frame is placed,"""text.soundcontrols.annotations.entity.item_frame.place"": ""When an item frame is placed"","
entity.item_frame.remove_item,When an item is removed from an item frame,"""text.soundcontrols.annotations.entity.item_frame.remove_item"": ""When an item is removed from an item frame"","
entity.item_frame.rotate_item,When an item is rotated inside an item frame,"""text.soundcontrols.annotations.entity.item_frame.rotate_item"": ""When an item is rotated inside an item frame"","
entity.leash_knot.break,When a leash breaks,"""text.soundcontrols.annotations.entity.leash_knot.break"": ""When a leash breaks"","
entity.leash_knot.place,When a leash is placed,"""text.soundcontrols.annotations.entity.leash_knot.place"": ""When a leash is placed"","
entity.lightning_bolt.impact,When a lightning bolt hits the ground,"""text.soundcontrols.annotations.entity.lightning_bolt.impact"": ""When a lightning bolt hits the ground"","
entity.lightning_bolt.thunder,Thunder when lightning appears,"""text.soundcontrols.annotations.entity.lightning_bolt.thunder"": ""Thunder when lightning appears"","
entity.lingering_potion.throw,When a lingering potion is thrown by a player,"""text.soundcontrols.annotations.entity.lingering_potion.throw"": ""When a lingering potion is thrown by a player"","
entity.llama.spit,When a llama spits at something,"""text.soundcontrols.annotations.entity.llama.spit"": ""When a llama spits at something"","
entity.llama.swag,When a llama equips a carpet,"""text.soundcontrols.annotations.entity.llama.swag"": ""When a llama equips a carpet"","
entity.magma_cube.squish,When a magma cube lands,"""text.soundcontrols.annotations.entity.magma_cube.squish"": ""When a magma cube lands"","
entity.magma_cube.squish_small,When a small magma cube lands,"""text.soundcontrols.annotations.entity.magma_cube.squish_small"": ""When a small magma cube lands"","
entity.minecart.inside,Sounds while a minecart is moving with a player inside,"""text.soundcontrols.annotations.entity.minecart.inside"": ""Sounds while a minecart is moving with a player inside"","
entity.minecart.riding,Sounds while a minecart is moving,"""text.soundcontrols.annotations.entity.minecart.riding"": ""Sounds while a minecart is moving"","
entity.mooshroom.convert,When a mooshroom is hit by lightning and changes mushroom type,"""text.soundcontrols.annotations.entity.mooshroom.convert"": ""When a mooshroom is hit by lightning and changes mushroom type"","
entity.mooshroom.milk,When a mooshroom is milked for milk or mushroom stew,"""text.soundcontrols.annotations.entity.mooshroom.milk"": ""When a mooshroom is milked for milk or mushroom stew"","
entity.mooshroom.shear,When a mooshroom is sheared for mushrooms,"""text.soundcontrols.annotations.entity.mooshroom.shear"": ""When a mooshroom is sheared for mushrooms"","
entity.mooshroom.suspicious_milk,When a mooshroom is milked for suspicious mushroom stew,"""text.soundcontrols.annotations.entity.mooshroom.suspicious_milk"": ""When a mooshroom is milked for suspicious mushroom stew"","
entity.painting.break,When a painting is broken,"""text.soundcontrols.annotations.entity.painting.break"": ""When a painting is broken"","
entity.painting.place,When a painting is placed,"""text.soundcontrols.annotations.entity.painting.place"": ""When a painting is placed"","
entity.panda.aggressive_ambient,Ambient sounds from an aggressive panda,"""text.soundcontrols.annotations.entity.panda.aggressive_ambient"": ""Ambient sounds from an aggressive panda"","
entity.panda.bite,When a panda attacks something,"""text.soundcontrols.annotations.entity.panda.bite"": ""When a panda attacks something"","
entity.panda.cant_breed,When two pandas can’t breed because they are fed too close together,"""text.soundcontrols.annotations.entity.panda.cant_breed"": ""When two pandas can’t breed because they are fed too close together"","
entity.panda.pre_sneeze,Before a baby panda sneezes,"""text.soundcontrols.annotations.entity.panda.pre_sneeze"": ""Before a baby panda sneezes"","
entity.panda.sneeze,When a baby panda sneezes,"""text.soundcontrols.annotations.entity.panda.sneeze"": ""When a baby panda sneezes"","
entity.panda.worried_ambient,Ambient sounds from a worried panda during a thunderstorm,"""text.soundcontrols.annotations.entity.panda.worried_ambient"": ""Ambient sounds from a worried panda during a thunderstorm"","
entity.parrot.imitate.blaze,When a parrot imitates blaze sounds,"""text.soundcontrols.annotations.entity.parrot.imitate.blaze"": ""When a parrot imitates blaze sounds"","
entity.parrot.imitate.creeper,When a parrot imitates creeper sounds,"""text.soundcontrols.annotations.entity.parrot.imitate.creeper"": ""When a parrot imitates creeper sounds"","
entity.parrot.imitate.drowned,When a parrot imitates drowned sounds,"""text.soundcontrols.annotations.entity.parrot.imitate.drowned"": ""When a parrot imitates drowned sounds"","
entity.parrot.imitate.elder_guardian,When a parrot imitates elder guardian sounds,"""text.soundcontrols.annotations.entity.parrot.imitate.elder_guardian"": ""When a parrot imitates elder guardian sounds"","
entity.parrot.imitate.ender_dragon,When a parrot imitates ender dragon sounds,"""text.soundcontrols.annotations.entity.parrot.imitate.ender_dragon"": ""When a parrot imitates ender dragon sounds"","
entity.parrot.imitate.endermite,When a parrot imitates endermite sounds,"""text.soundcontrols.annotations.entity.parrot.imitate.endermite"": ""When a parrot imitates endermite sounds"","
entity.parrot.imitate.evoker,When a parrot imitates evoker sounds,"""text.soundcontrols.annotations.entity.parrot.imitate.evoker"": ""When a parrot imitates evoker sounds"","
entity.parrot.imitate.ghast,When a parrot imitates ghast sounds,"""text.soundcontrols.annotations.entity.parrot.imitate.ghast"": ""When a parrot imitates ghast sounds"","
entity.parrot.imitate.guardian,When a parrot imitates guardian sounds,"""text.soundcontrols.annotations.entity.parrot.imitate.guardian"": ""When a parrot imitates guardian sounds"","
entity.parrot.imitate.hoglin,When a parrot imitates hoglin sounds,"""text.soundcontrols.annotations.entity.parrot.imitate.hoglin"": ""When a parrot imitates hoglin sounds"","
entity.parrot.imitate.husk,When a parrot imitates husk sounds,"""text.soundcontrols.annotations.entity.parrot.imitate.husk"": ""When a parrot imitates husk sounds"","
entity.parrot.imitate.illusioner,When a parrot imitates illusioner sounds,"""text.soundcontrols.annotations.entity.parrot.imitate.illusioner"": ""When a parrot imitates illusioner sounds"","
entity.parrot.imitate.magma_cube,When a parrot imitates magma cube sounds,"""text.soundcontrols.annotations.entity.parrot.imitate.magma_cube"": ""When a parrot imitates magma cube sounds"","
entity.parrot.imitate.phantom,When a parrot imitates phantom sounds,"""text.soundcontrols.annotations.entity.parrot.imitate.phantom"": ""When a parrot imitates phantom sounds"","
entity.parrot.imitate.piglin,When a parrot imitates piglin sounds,"""text.soundcontrols.annotations.entity.parrot.imitate.piglin"": ""When a parrot imitates piglin sounds"","
entity.parrot.imitate.pillager,When a parrot imitates pillager sounds,"""text.soundcontrols.annotations.entity.parrot.imitate.pillager"": ""When a parrot imitates pillager sounds"","
entity.parrot.imitate.ravager,When a parrot imitates ravager sounds,"""text.soundcontrols.annotations.entity.parrot.imitate.ravager"": ""When a parrot imitates ravager sounds"","
entity.parrot.imitate.shulker,When a parrot imitates shulker sounds,"""text.soundcontrols.annotations.entity.parrot.imitate.shulker"": ""When a parrot imitates shulker sounds"","
entity.parrot.imitate.silverfish,When a parrot imitates silverfish sounds,"""text.soundcontrols.annotations.entity.parrot.imitate.silverfish"": ""When a parrot imitates silverfish sounds"","
entity.parrot.imitate.skeleton,When a parrot imitates skeleton sounds,"""text.soundcontrols.annotations.entity.parrot.imitate.skeleton"": ""When a parrot imitates skeleton sounds"","
entity.parrot.imitate.slime,When a parrot imitates slime sounds,"""text.soundcontrols.annotations.entity.parrot.imitate.slime"": ""When a parrot imitates slime sounds"","
entity.parrot.imitate.spider,When a parrot imitates spider sounds,"""text.soundcontrols.annotations.entity.parrot.imitate.spider"": ""When a parrot imitates spider sounds"","
entity.parrot.imitate.stray,When a parrot imitates stray sounds,"""text.soundcontrols.annotations.entity.parrot.imitate.stray"": ""When a parrot imitates stray sounds"","
entity.parrot.imitate.vex,When a parrot imitates vex sounds,"""text.soundcontrols.annotations.entity.parrot.imitate.vex"": ""When a parrot imitates vex sounds"","
entity.parrot.imitate.vindicator,When a parrot imitates vindicator sounds,"""text.soundcontrols.annotations.entity.parrot.imitate.vindicator"": ""When a parrot imitates vindicator sounds"","
entity.parrot.imitate.witch,When a parrot imitates witch sounds,"""text.soundcontrols.annotations.entity.parrot.imitate.witch"": ""When a parrot imitates witch sounds"","
entity.parrot.imitate.wither,When a parrot imitates wither sounds,"""text.soundcontrols.annotations.entity.parrot.imitate.wither"": ""When a parrot imitates wither sounds"","
entity.parrot.imitate.wither_skeleton,When a parrot imitates wither skeleton sounds,"""text.soundcontrols.annotations.entity.parrot.imitate.wither_skeleton"": ""When a parrot imitates wither skeleton sounds"","
entity.parrot.imitate.zoglin,When a parrot imitates zoglin sounds,"""text.soundcontrols.annotations.entity.parrot.imitate.zoglin"": ""When a parrot imitates zoglin sounds"","
entity.parrot.imitate.zombie,When a parrot imitates zombie sounds,"""text.soundcontrols.annotations.entity.parrot.imitate.zombie"": ""When a parrot imitates zombie sounds"","
entity.parrot.imitate.zombie_villager,When a parrot imitates zombie villager sounds,"""text.soundcontrols.annotations.entity.parrot.imitate.zombie_villager"": ""When a parrot imitates zombie villager sounds"","
entity.phantom.bite,When a phantom attacks something,"""text.soundcontrols.annotations.entity.phantom.bite"": ""When a phantom attacks something"","
entity.phantom.swoop,When a phantom swoops a player,"""text.soundcontrols.annotations.entity.phantom.swoop"": ""When a phantom swoops a player"","
entity.piglin.celebrate,When a piglin defeats a hoglin,"""text.soundcontrols.annotations.entity.piglin.celebrate"": ""When a piglin defeats a hoglin"","
entity.piglin.admiring_item,When a piglin is admiring a gold item,"""text.soundcontrols.annotations.entity.piglin.admiring_item"": ""When a piglin is admiring a gold item"","
entity.piglin.converted_to_zombified,When a piglin gets converted to a zombified piglin,"""text.soundcontrols.annotations.entity.piglin.converted_to_zombified"": ""When a piglin gets converted to a zombified piglin"","
entity.piglin.jealous,When a player holds a gold item or another piglin picks up a gold item,"""text.soundcontrols.annotations.entity.piglin.jealous"": ""When a player holds a gold item or another piglin picks up a gold item"","
entity.piglin.retreat,When a scared piglin runs away,"""text.soundcontrols.annotations.entity.piglin.retreat"": ""When a scared piglin runs away"","
entity.player.attack.crit,When a player triggers a critical hit,"""text.soundcontrols.annotations.entity.player.attack.crit"": ""When a player triggers a critical hit"","
entity.player.attack.knockback,When a player triggers a knockback hit,"""text.soundcontrols.annotations.entity.player.attack.knockback"": ""When a player triggers a knockback hit"","
entity.player.attack.nodamage,When a player fails to deal damage,"""text.soundcontrols.annotations.entity.player.attack.nodamage"": ""When a player fails to deal damage"","
entity.player.attack.strong,The generic attack sound for a player,"""text.soundcontrols.annotations.entity.player.attack.strong"": ""The generic attack sound for a player"","
entity.player.attack.sweep,When a player triggers a sweeping edge hit,"""text.soundcontrols.annotations.entity.player.attack.sweep"": ""When a player triggers a sweeping edge hit"","
entity.player.attack.weak,When a player attacks without sufficient cooldown,"""text.soundcontrols.annotations.entity.player.attack.weak"": ""When a player attacks without sufficient cooldown"","
entity.player.breath,Unused,"""text.soundcontrols.annotations.entity.player.breath"": ""Unused"","
entity.player.burp,When a player burps after eating or drinking,"""text.soundcontrols.annotations.entity.player.burp"": ""When a player burps after eating or drinking"","
entity.player.hurt_drown,When a player takes drowning damage,"""text.soundcontrols.annotations.entity.player.hurt_drown"": ""When a player takes drowning damage"","
entity.player.hurt_on_fire,When a player takes fire damage,"""text.soundcontrols.annotations.entity.player.hurt_on_fire"": ""When a player takes fire damage"","
entity.player.hurt_sweet_berry_bush,When a player takes damage from a berry bush,"""text.soundcontrols.annotations.entity.player.hurt_sweet_berry_bush"": ""When a player takes damage from a berry bush"","
entity.player.levelup,When a player levels up,"""text.soundcontrols.annotations.entity.player.levelup"": ""When a player levels up"","
entity.player.splash.high_speed,When a player enters water at high speed,"""text.soundcontrols.annotations.entity.player.splash.high_speed"": ""When a player enters water at high speed"","
entity.polar_bear.warning,When a polar bear attempts to attack,"""text.soundcontrols.annotations.entity.polar_bear.warning"": ""When a polar bear attempts to attack"","
entity.puffer_fish.blow_out,When a pufferfish deflates,"""text.soundcontrols.annotations.entity.puffer_fish.blow_out"": ""When a pufferfish deflates"","
entity.puffer_fish.blow_up,When a pufferfish inflates,"""text.soundcontrols.annotations.entity.puffer_fish.blow_up"": ""When a pufferfish inflates"","
entity.puffer_fish.sting,When a pufferfish stings something,"""text.soundcontrols.annotations.entity.puffer_fish.sting"": ""When a pufferfish stings something"","
entity.ravager.roar,When a ravager uses a raw attack after being stunned,"""text.soundcontrols.annotations.entity.ravager.roar"": ""When a ravager uses a raw attack after being stunned"","
entity.ravager.stunned,When a ravager is stunned by a shield,"""text.soundcontrols.annotations.entity.ravager.stunned"": ""When a ravager is stunned by a shield"","
entity.sheep.shear,When a sheep is sheared,"""text.soundcontrols.annotations.entity.sheep.shear"": ""When a sheep is sheared"","
entity.shulker.close,When a shulker closes it’s lid,"""text.soundcontrols.annotations.entity.shulker.close"": ""When a shulker closes it’s lid"","
entity.shulker.hurt_closed,When a closed shulker gets hurt,"""text.soundcontrols.annotations.entity.shulker.hurt_closed"": ""When a closed shulker gets hurt"","
entity.shulker.open,When a shulker opens it’s lid,"""text.soundcontrols.annotations.entity.shulker.open"": ""When a shulker opens it’s lid"","
entity.shulker.shoot,When a shulker shoots a shulker bullet,"""text.soundcontrols.annotations.entity.shulker.shoot"": ""When a shulker shoots a shulker bullet"","
entity.shulker.teleport,When a shulker teleports,"""text.soundcontrols.annotations.entity.shulker.teleport"": ""When a shulker teleports"","
entity.shulker_bullet.hit,When a shulker bullet hits a block or entity,"""text.soundcontrols.annotations.entity.shulker_bullet.hit"": ""When a shulker bullet hits a block or entity"","
entity.skeleton.shoot,When a skeleton shoots it’s bow,"""text.soundcontrols.annotations.entity.skeleton.shoot"": ""When a skeleton shoots it’s bow"","
entity.skeleton_horse.gallop_water,When a skeleton horse gallops on blocks in water,"""text.soundcontrols.annotations.entity.skeleton_horse.gallop_water"": ""When a skeleton horse gallops on blocks in water"","
entity.skeleton_horse.jump_water,When a skeleton horse jumps off blocks in water,"""text.soundcontrols.annotations.entity.skeleton_horse.jump_water"": ""When a skeleton horse jumps off blocks in water"","
entity.skeleton_horse.step_water,When a skeleton horse walks on blocks in water,"""text.soundcontrols.annotations.entity.skeleton_horse.step_water"": ""When a skeleton horse walks on blocks in water"","
entity.slime.squish,When a slime lands,"""text.soundcontrols.annotations.entity.slime.squish"": ""When a slime lands"","
entity.slime.squish_small,When a small slime lands,"""text.soundcontrols.annotations.entity.slime.squish_small"": ""When a small slime lands"","
entity.snow_golem.shear,When the pumkin is sheared off a snow golem,"""text.soundcontrols.annotations.entity.snow_golem.shear"": ""When the pumkin is sheared off a snow golem"","
entity.snow_golem.shoot,When a snow golem shoots a snowball,"""text.soundcontrols.annotations.entity.snow_golem.shoot"": ""When a snow golem shoots a snowball"","
entity.snowball.throw,When a player throws a snowball,"""text.soundcontrols.annotations.entity.snowball.throw"": ""When a player throws a snowball"","
entity.splash_potion.break,When a splash potion impacts on something,"""text.soundcontrols.annotations.entity.splash_potion.break"": ""When a splash potion impacts on something"","
entity.splash_potion.throw,When a splash potion is thrown,"""text.soundcontrols.annotations.entity.splash_potion.throw"": ""When a splash potion is thrown"","
entity.squid.squirt,When a squid shoots ink after being damaged,"""text.soundcontrols.annotations.entity.squid.squirt"": ""When a squid shoots ink after being damaged"","
entity.strider.happy,Random happy sounds while a player holds a warped fungus,"""text.soundcontrols.annotations.entity.strider.happy"": ""Random happy sounds while a player holds a warped fungus"","
entity.strider.retreat,Scared sounds for a short period after being damaged,"""text.soundcontrols.annotations.entity.strider.retreat"": ""Scared sounds for a short period after being damaged"","
entity.strider.step_lava,When a strider walks on lava,"""text.soundcontrols.annotations.entity.strider.step_lava"": ""When a strider walks on lava"","
entity.tnt.primed,When TNT is primed and preparing to explode,"""text.soundcontrols.annotations.entity.tnt.primed"": ""When TNT is primed and preparing to explode"","
entity.turtle.death_baby,When a baby turtle dies,"""text.soundcontrols.annotations.entity.turtle.death_baby"": ""When a baby turtle dies"","
entity.turtle.egg_break,When a turtle egg is trampled,"""text.soundcontrols.annotations.entity.turtle.egg_break"": ""When a turtle egg is trampled"","
entity.turtle.egg_crack,When the hatching state of a turtle egg progresses,"""text.soundcontrols.annotations.entity.turtle.egg_crack"": ""When the hatching state of a turtle egg progresses"","
entity.turtle.egg_hatch,When a turtle egg hatches,"""text.soundcontrols.annotations.entity.turtle.egg_hatch"": ""When a turtle egg hatches"","
entity.turtle.hurt_baby,When a baby turtle is hurt,"""text.soundcontrols.annotations.entity.turtle.hurt_baby"": ""When a baby turtle is hurt"","
entity.turtle.lay_egg,When a turtle lays an egg,"""text.soundcontrols.annotations.entity.turtle.lay_egg"": ""When a turtle lays an egg"","
entity.turtle.shamble,While an adult turtle walks on land,"""text.soundcontrols.annotations.entity.turtle.shamble"": ""While an adult turtle walks on land"","
entity.turtle.shamble_baby,While a baby turtle walks on land,"""text.soundcontrols.annotations.entity.turtle.shamble_baby"": ""While a baby turtle walks on land"","
entity.vex.charge,Vex shrieking while charging at something,"""text.soundcontrols.annotations.entity.vex.charge"": ""Vex shrieking while charging at something"","
entity.villager.no,When a player cannot trade with a villager,"""text.soundcontrols.annotations.entity.villager.no"": ""When a player cannot trade with a villager"","
entity.villager.trade,Random noises while the trade UI is open,"""text.soundcontrols.annotations.entity.villager.trade"": ""Random noises while the trade UI is open"","
entity.villager.work_armorer,Random noises while an armorer works,"""text.soundcontrols.annotations.entity.villager.work_armorer"": ""Random noises while an armorer works"","
entity.villager.work_butcher,Random noises while a butcher works,"""text.soundcontrols.annotations.entity.villager.work_butcher"": ""Random noises while a butcher works"","
entity.villager.work_cartographer,Random noises while a cartographer works,"""text.soundcontrols.annotations.entity.villager.work_cartographer"": ""Random noises while a cartographer works"","
entity.villager.work_cleric,Random noises while a cleric works,"""text.soundcontrols.annotations.entity.villager.work_cleric"": ""Random noises while a cleric works"","
entity.villager.work_farmer,Random noises while a farmer works,"""text.soundcontrols.annotations.entity.villager.work_farmer"": ""Random noises while a farmer works"","
entity.villager.work_fisherman,Random noises while a fisherman works,"""text.soundcontrols.annotations.entity.villager.work_fisherman"": ""Random noises while a fisherman works"","
entity.villager.work_fletcher,Random noises while a fletcher works,"""text.soundcontrols.annotations.entity.villager.work_fletcher"": ""Random noises while a fletcher works"","
entity.villager.work_leatherworker,Random noises while a leatherworker works,"""text.soundcontrols.annotations.entity.villager.work_leatherworker"": ""Random noises while a leatherworker works"","
entity.villager.work_librarian,Random noises while a librarian works,"""text.soundcontrols.annotations.entity.villager.work_librarian"": ""Random noises while a librarian works"","
entity.villager.work_mason,Random noises while a mason works,"""text.soundcontrols.annotations.entity.villager.work_mason"": ""Random noises while a mason works"","
entity.villager.work_shepherd,Random nosies while a shepherd works,"""text.soundcontrols.annotations.entity.villager.work_shepherd"": ""Random nosies while a shepherd works"","
entity.villager.work_toolsmith,Random noises while a toolsmith works,"""text.soundcontrols.annotations.entity.villager.work_toolsmith"": ""Random noises while a toolsmith works"","
entity.villager.work_weaponsmith,Random noises while a weaponsmith works,"""text.soundcontrols.annotations.entity.villager.work_weaponsmith"": ""Random noises while a weaponsmith works"","
entity.villager.yes,When a player succesfully trades with a villager,"""text.soundcontrols.annotations.entity.villager.yes"": ""When a player succesfully trades with a villager"","
entity.wandering_trader.disappeared,When a wandering trader becomes invisible,"""text.soundcontrols.annotations.entity.wandering_trader.disappeared"": ""When a wandering trader becomes invisible"","
entity.wandering_trader.drink_milk,When a wandering trader drinks milk,"""text.soundcontrols.annotations.entity.wandering_trader.drink_milk"": ""When a wandering trader becomes visible"","
entity.wandering_trader.drink_potion,When a wandering trader drinks an invisibility potion,"""text.soundcontrols.annotations.entity.wandering_trader.drink_potion"": ""When a wandering trader drinks an invisibility potion"","
entity.wandering_trader.no,When a player fails to trade with a wandering trader,"""text.soundcontrols.annotations.entity.wandering_trader.no"": ""When a player fails to trade with a wandering trader"","
entity.wandering_trader.reappeared,When a wandering trader becomes visible,"""text.soundcontrols.annotations.entity.wandering_trader.reappeared"": ""When a wandering trader becomes visible"","
entity.wandering_trader.trade,Random sounds while the trading UI is open,"""text.soundcontrols.annotations.entity.wandering_trader.trade"": ""Random sounds while the trading UI is open"","
entity.wandering_trader.yes,When a player succesfully trades with a wandering trader,"""text.soundcontrols.annotations.entity.wandering_trader.yes"": ""When a player succesfully trades with a wandering trader"","
entity.witch.throw,When a witch throws a potion,"""text.soundcontrols.annotations.entity.witch.throw"": ""When a witch throws a potion"","
entity.wither.break_block,When a wither breaks a block,"""text.soundcontrols.annotations.entity.wither.break_block"": ""When a wither breaks a block"","
entity.wither.shoot,When a wither shoots a wither skull,"""text.soundcontrols.annotations.entity.wither.shoot"": ""When a wither shoots a wither skull"","
entity.wither.spawn,When a wither spawns,"""text.soundcontrols.annotations.entity.wither.spawn"": ""When a wither spawns"","
entity.wolf.growl,Randomly growls while angry,"""text.soundcontrols.annotations.entity.wolf.growl"": ""Randomly growls while angry"","
entity.wolf.howl,Unused,"""text.soundcontrols.annotations.entity.wolf.howl"": ""Unused"","
entity.wolf.pant,Randomly pants while tamed,"""text.soundcontrols.annotations.entity.wolf.pant"": ""Randomly pants while tamed"","
entity.wolf.shake,Shaking after getting wet,"""text.soundcontrols.annotations.entity.wolf.shake"": ""Shaking after getting wet"","
entity.wolf.whine,Randomly whines when low on health,"""text.soundcontrols.annotations.entity.wolf.whine"": ""Randomly whines when low on health"","
entity.zombie.attack_iron_door,When a zombie attacks an iron door,"""text.soundcontrols.annotations.entity.zombie.attack_iron_door"": ""When a zombie attacks an iron door"","
entity.zombie.attack_wooden_door,When a zombie attacks a wooden door,"""text.soundcontrols.annotations.entity.zombie.attack_wooden_door"": ""When a zombie attacks a wooden door"","
entity.zombie.break_wooden_door,When a zombie breaks down a wooden door,"""text.soundcontrols.annotations.entity.zombie.break_wooden_door"": ""When a zombie breaks down a wooden door"","
entity.zombie.converted_to_drowned,When a zombie is converted to a drowned,"""text.soundcontrols.annotations.entity.zombie.converted_to_drowned"": ""When a zombie is converted to a drowned"","
entity.zombie.destroy_egg,When a zombie tramples an egg,"""text.soundcontrols.annotations.entity.zombie.destroy_egg"": ""When a zombie tramples an egg"","
entity.zombie.infect,When a zombie infects a villager,"""text.soundcontrols.annotations.entity.zombie.infect"": ""When a zombie infects a villager"","
entity.zombie_villager.converted,When a zombie villager finished being cured,"""text.soundcontrols.annotations.entity.zombie_villager.converted"": ""When a zombie villager finished being cured"","
entity.zombie_villager.cure,When a zombie villager begins being cured,"""text.soundcontrols.annotations.entity.zombie_villager.cure"": ""When a zombie villager begins being cured"","
event.raid.horn,When a raid horn is blown,"""text.soundcontrols.annotations.event.raid.horn"": ""When a raid horn is blown"","
item.armor.equip_chain,When chainmail armor is equipped,"""text.soundcontrols.annotations.item.armor.equip_chain"": ""When chainmail armor is equipped"","
item.armor.equip_diamond,When diamond armor is equipped,"""text.soundcontrols.annotations.item.armor.equip_diamond"": ""When diamond armor is equipped"","
item.armor.equip_elytra,When an elytra is equipped,"""text.soundcontrols.annotations.item.armor.equip_elytra"": ""When an elytra is equipped"","
item.armor.equip_generic,When armor is equipped,"""text.soundcontrols.annotations.item.armor.equip_generic"": ""When armor is equipped"","
item.armor.equip_gold,When gold armor is equipped,"""text.soundcontrols.annotations.item.armor.equip_gold"": ""When gold armor is equipped"","
item.armor.equip_iron,When iron armor is equipped,"""text.soundcontrols.annotations.item.armor.equip_iron"": ""When iron armor is equipped"","
item.armor.equip_leather,When leather armor is equipped,"""text.soundcontrols.annotations.item.armor.equip_leather"": ""When leather armor is equipped"","
item.armor.equip_netherite,When netherite armor is equipped,"""text.soundcontrols.annotations.item.armor.equip_netherite"": ""When netherite armor is equipped"","
item.armor.equip_turtle,When a turtle helmet is equipped,"""text.soundcontrols.annotations.item.armor.equip_turtle"": ""When a turtle helmet is equipped"","
item.axe.strip,When an axe strips a wood block,"""text.soundcontrols.annotations.item.axe.strip"": ""When an axe strips a wood block"","
item.book.page_turn,When the page of a book is turned,"""text.soundcontrols.annotations.item.book.page_turn"": ""When the page of a book is turned"","
item.book.put,When a book is placed on a lectern,"""text.soundcontrols.annotations.item.book.put"": ""When a book is placed on a lectern"","
item.bottle.empty,When a bottle is emptied,"""text.soundcontrols.annotations.item.bottle.empty"": ""When a bottle is emptied"","
item.bottle.fill,When a bottle is filled,"""text.soundcontrols.annotations.item.bottle.fill"": ""When a bottle is filled"","
item.bottle.fill_dragonbreath,When a bottle is filled with dragonbreath,"""text.soundcontrols.annotations.item.bottle.fill_dragonbreath"": ""When a bottle is filled with dragonbreath"","
item.bucket.empty,When a bucket is emptied,"""text.soundcontrols.annotations.item.bucket.empty"": ""When a bucket is emptied"","
item.bucket.empty_fish,When a bucket holding fish is emptied,"""text.soundcontrols.annotations.item.bucket.empty_fish"": ""When a bucket holding fish is emptied"","
item.bucket.empty_lava,When a bucket holding lava is emptied,"""text.soundcontrols.annotations.item.bucket.empty_lava"": ""When a bucket holding lava is emptied"","
item.bucket.fill,When a bucket is filled,"""text.soundcontrols.annotations.item.bucket.fill"": ""When a bucket is filled"","
item.bucket.fill_fish,When a bucket is filled with fish,"""text.soundcontrols.annotations.item.bucket.fill_fish"": ""When a bucket is filled with fish"","
item.bucket.fill_lava,When a bucket is filled with lava,"""text.soundcontrols.annotations.item.bucket.fill_lava"": ""When a bucket is filled with lava"","
item.chorus_fruit.teleport,When teleporting by eating a chorus fruit,"""text.soundcontrols.annotations.item.chorus_fruit.teleport"": ""When teleporting by eating a chorus fruit"","
item.crop.plant,When a crop is planted,"""text.soundcontrols.annotations.item.crop.plant"": ""When a crop is planted"","
item.crossbow.hit,When an arrow hits a block or entity,"""text.soundcontrols.annotations.item.crossbow.hit"": ""When an arrow hits a block or entity"","
item.crossbow.loading_end,When a crossbow has finished being loaded,"""text.soundcontrols.annotations.item.crossbow.loading_end"": ""When a crossbow has finished being loaded"","
item.crossbow.loading_middle,When a crossbow is halfway through being loaded,"""text.soundcontrols.annotations.item.crossbow.loading_middle"": ""When a crossbow is halfway through being loaded"","
item.crossbow.loading_start,When a crossbow begins loading,"""text.soundcontrols.annotations.item.crossbow.loading_start"": ""When a crossbow begins loading"","
item.crossbow.quick_charge_1,When a Quick Charge 1 crossbow begins loading,"""text.soundcontrols.annotations.item.crossbow.quick_charge_1"": ""When a Quick Charge 1 crossbow begins loading"","
item.crossbow.quick_charge_2,When a Quick Charge 2 crossbow begins loading,"""text.soundcontrols.annotations.item.crossbow.quick_charge_2"": ""When a Quick Charge 2 crossbow begins loading"","
item.crossbow.quick_charge_3,When a Quick Charge 3 crossbow begins loading,"""text.soundcontrols.annotations.item.crossbow.quick_charge_3"": ""When a Quick Charge 3 crossbow begins loading"","
item.crossbow.shoot,When a crossbow releases an arrow,"""text.soundcontrols.annotations.item.crossbow.shoot"": ""When a crossbow releases an arrow"","
item.elytra.flying,Air sounds while flying with an elytra,"""text.soundcontrols.annotations.item.elytra.flying"": ""Air sounds while flying with an elytra"","
item.firecharge.use,When a firecharge is used to light something on fire,"""text.soundcontrols.annotations.item.firecharge.use"": ""When a firecharge is used to light something on fire"","
item.flintandsteel.use,When flint and steel is used to light something on fire,"""text.soundcontrols.annotations.item.flintandsteel.use"": ""When flint and steel is used to light something on fire"","
item.hoe.till,When a hoe is used to till the ground,"""text.soundcontrols.annotations.item.hoe.till"": ""When a hoe is used to till the ground"","
item.honey_bottle.drink,When the player drinks from a honey bottle,"""text.soundcontrols.annotations.item.honey_bottle.drink"": ""When the player drinks from a honey bottle"","
item.lodestone_compass.lock,When a compass is used on a lodestone,"""text.soundcontrols.annotations.item.lodestone_compass.lock"": ""When a compass is used on a lodestone"","
item.nether_wart.plant,When nether wart is planted,"""text.soundcontrols.annotations.item.nether_wart.plant"": ""When nether wart is planted"","
item.shield.block,When a shield succesfully blocks an attack,"""text.soundcontrols.annotations.item.shield.block"": ""When a shield succesfully blocks an attack"","
item.shield.break,When a shield runs out of durability,"""text.soundcontrols.annotations.item.shield.break"": ""When a shield runs out of durability"","
item.shovel.flatten,When a shovel is used to create a dirt path,"""text.soundcontrols.annotations.item.shovel.flatten"": ""When a shovel is used to create a dirt path"","
item.sweet_berries.pick_from_bush,When berries are picked from a bush,"""text.soundcontrols.annotations.item.sweet_berries.pick_from_bush"": ""When berries are picked from a bush"","
item.totem.use,When a totem is triggered by the holder taking fatal damage,"""text.soundcontrols.annotations.item.totem.use"": ""When a totem is triggered by the holder taking fatal damage"","
item.trident.hit,When a trident hits a mob,"""text.soundcontrols.annotations.item.trident.hit"": ""When a trident hits a mob"","
item.trident.hit_ground,When a trident hits the ground,"""text.soundcontrols.annotations.item.trident.hit_ground"": ""When a trident hits the ground"","
item.trident.return,When a Loyalty trident starts returning,"""text.soundcontrols.annotations.item.trident.return"": ""When a Loyalty trident starts returning"","
item.trident.riptide_1,When a Riptide 1 trident is used in water,"""text.soundcontrols.annotations.item.trident.riptide_1"": ""When a Riptide 1 trident is used in water"","
item.trident.riptide_2,When a Riptide 2 trident is used in water,"""text.soundcontrols.annotations.item.trident.riptide_2"": ""When a Riptide 2 trident is used in water"","
item.trident.riptide_3,When a Riptide 3 trident is used in water,"""text.soundcontrols.annotations.item.trident.riptide_3"": ""When a Riptide 3 trident is used in water"","
item.trident.throw,When a trident is thrown,"""text.soundcontrols.annotations.item.trident.throw"": ""When a trident is thrown"","
item.trident.thunder,When a Channeling trident hits a mob,"""text.soundcontrols.annotations.item.trident.thunder"": ""When a Channeling trident hits a mob"","
music.creative,Background music while in creative mode,"""text.soundcontrols.annotations.music.creative"": ""Background music while in creative mode"","
music.credit,Music played during the credits screen,"""text.soundcontrols.annotations.music.credit"": ""Music played during the credits screen"","
music.dragon,Boss music played when fighting the dragon,"""text.soundcontrols.annotations.music.dragon"": ""Boss music played when fighting the dragon"","
music.end,Background music in the End dimension,"""text.soundcontrols.annotations.music.end"": ""Background music in the End dimension"","
music.game,General background music played,"""text.soundcontrols.annotations.music.game"": ""General background music played"","
music.menu,Background music on the main menu,"""text.soundcontrols.annotations.music.menu"": ""Background music on the main menu"","
music.nether.basalt_deltas,Background music in the Basalt Deltas,"""text.soundcontrols.annotations.music.nether.basalt_deltas"": ""Background music in the Basalt Deltas"","
music.nether.crimson_forest,Background music in the Crimson Forest,"""text.soundcontrols.annotations.music.nether.crimson_forest"": ""Background music in the Crimson Forest"","
music.nether.nether_wastes,Background music in the Nether Wastes,"""text.soundcontrols.annotations.music.nether.nether_wastes"": ""Background music in the Soul Sand Valley"","
music.nether.soul_sand_valley,Background music in the Soul Sand Valley,"""text.soundcontrols.annotations.music.nether.soul_sand_valley"": ""Background music in the Warped Forest"","
music.nether.warped_forest,Background music in the Warped Forest,"""text.soundcontrols.annotations.music.nether.warped_forest"": ""Background music in the Warped Forest"","
music.under_water,Background music while underwater,"""text.soundcontrols.annotations.music.under_water"": ""Background music while underwater"","
music_disc.11,The music on music disk ‘11’,"""text.soundcontrols.annotations.music_disc.11"": ""The music on music disk ‘11’"","
music_disc.13,The music on music disk ‘13’,"""text.soundcontrols.annotations.music_disc.13"": ""The music on music disk ‘13’"","
music_disc.blocks,The music on music disk ‘Blocks’,"""text.soundcontrols.annotations.music_disc.blocks"": ""The music on music disk ‘Blocks’"","
music_disc.cat,The music on music disk ‘Cat’,"""text.soundcontrols.annotations.music_disc.cat"": ""The music on music disk ‘Cat’"","
music_disc.chirp,The music on music disk ‘Chirp’,"""text.soundcontrols.annotations.music_disc.chirp"": ""The music on music disk ‘Chirp’"","
music_disc.far,The music on music disk ’Far’,"""text.soundcontrols.annotations.music_disc.far"": ""The music on music disk ’Far’"","
music_disc.mall,The music on music disk ‘Mall’,"""text.soundcontrols.annotations.music_disc.mall"": ""The music on music disk ‘Mall’"","
music_disc.mellohi,The music on music disk ‘Mellohi’,"""text.soundcontrols.annotations.music_disc.mellohi"": ""The music on music disk ‘Mellohi’"","
music_disc.pigstep,The music on music disk ‘Pigstep’,"""text.soundcontrols.annotations.music_disc.pigstep"": ""The music on music disk ‘Pigstep’"","
music_disc.stal,The music on music disk ‘Stal’,"""text.soundcontrols.annotations.music_disc.stal"": ""The music on music disk ‘Stal’"","
music_disc.strad,The music on music disk ‘Strad’,"""text.soundcontrols.annotations.music_disc.strad"": ""The music on music disk ‘Strad’"","
music_disc.wait,The music on music disk ‘Wait’,"""text.soundcontrols.annotations.music_disc.wait"": ""The music on music disk ‘Wait’"","
music_disc.ward,The music on music disk ‘Ward’,"""text.soundcontrols.annotations.music_disc.ward"": ""The music on music disk ‘Ward’"","
particle.soul_escape,When a player runs on soul sand or soul soil with soul speed boots,"""text.soundcontrols.annotations.particle.soul_escape"": ""When a player runs on soul sand or soul soil with soul speed boots"","
ui.button.click,When a menu button is clicked,"""text.soundcontrols.annotations.ui.button.click"": ""When a menu button is clicked"","
ui.cartography_table.take_result,When a map is edited in the cartography table,"""text.soundcontrols.annotations.ui.cartography_table.take_result"": ""When a map is edited in the cartography table"","
ui.loom.select_pattern,When a pattern is selected,"""text.soundcontrols.annotations.ui.loom.select_pattern"": ""When a pattern is selected"","
ui.loom.take_result,When a banner is taken from the loom,"""text.soundcontrols.annotations.ui.loom.take_result"": ""When a banner is taken from the loom"","
ui.stonecutter.select_recipe,When a recipe is selected in the stonecutter,"""text.soundcontrols.annotations.ui.stonecutter.select_recipe"": ""When a recipe is selected in the stonecutter"","
ui.stonecutter.take_result,When items are crafted in the stonecutter,"""text.soundcontrols.annotations.ui.stonecutter.take_result"": ""When items are crafted in the stonecutter"","
ui.toast.challenge_complete,When an advancement has been completed,"""text.soundcontrols.annotations.ui.toast.challenge_complete"": ""When an advancement has been completed"","
ui.toast.in,When any recipe is unlocked or advancement completed,"""text.soundcontrols.annotations.ui.toast.in"": ""When any recipe is unlocked or advancement completed"","
ui.toast.out,When a toast finishes,"""text.soundcontrols.annotations.ui.toast.out"": ""When a toast finishes"","
weather.rain,When rain falls on a block,"""text.soundcontrols.annotations.weather.rain"": ""When an advancement has been completed"","
weather.rain.above,"When rain falls on a nearby block, but not on the player","""text.soundcontrols.annotations.weather.rain.above"": ""When rain falls on a nearby block, but not on the player"","
